sample_name	experiment_accession
10317.BLANK6.9D.ragSurfers	ERX2092799
10317.BLANK6.8D.ragSurfers	ERX2092792
10317.BLANK6.7D.ragSurfers	ERX2092786
10317.BLANK6.6D.ragSurfers	ERX2092781
10317.BLANK6.12C.ragSurfers	ERX2092772
10317.BLANK6.11C.ragSurfers	ERX2092767
10317.BLANK6.10C.ragSurfers	ERX2092759
10317.BLANK6.8C.ragSurfers	ERX2092791
10317.BLANK6.6C.ragSurfers	ERX2092780
10317.BLANK6.11B.ragSurfers	ERX2092766
10317.BLANK6.10B.ragSurfers	ERX2092758
10317.BLANK6.9B.ragSurfers	ERX2092798
10317.BLANK6.6B.ragSurfers	ERX2092779
10317.BLANK6.12A.ragSurfers	ERX2092771
10317.BLANK6.11A.ragSurfers	ERX2092765
10317.BLANK6.10A.ragSurfers	ERX2092757
10317.BLANK6.9A.ragSurfers	ERX2092797
10317.BLANK6.6A.ragSurfers	ERX2092778
10317.BLANK.H12.ragSurfers	ERX2092717
10317.BLANK.H11.ragSurfers	ERX2092716
10317.BLANK.H10.ragSurfers	ERX2092715
10317.BLANK.G12.ragSurfers	ERX2092713
10317.BLANK.G11.ragSurfers	ERX2092712
10317.BLANK.G9.ragSurfers	ERX2092714
10317.BLANK.F12.ragSurfers	ERX2092710
10317.BLANK.F10.ragSurfers	ERX2092709
10317.BLANK.F9.ragSurfers	ERX2092711
10317.BLANK.E12.ragSurfers	ERX2092708
10317.BLANK.E11.ragSurfers	ERX2092707
10317.BLANK.E10.ragSurfers	ERX2092706
10317.BLANK.D12.ragSurfers	ERX2092705
10317.BLANK.D11.ragSurfers	ERX2092704
10317.BLANK.D10.ragSurfers	ERX2092703
10317.BLANK.C12.ragSurfers	ERX2092702
10317.BLANK.C11.ragSurfers	ERX2092701
10317.BLANK.C10.ragSurfers	ERX2092700
10317.BLANK.B12.ragSurfers	ERX2092699
10317.BLANK.B11.ragSurfers	ERX2092698
10317.BLANK.B10.ragSurfers	ERX2092697
10317.BLANK.A11.ragSurfers	ERX2092696
10317.BLANK.A10.ragSurfers	ERX2092695
10317.BLANK4.12H.ragSurfers	ERX2092751
10317.BLANK4.11H.ragSurfers	ERX2092744
10317.BLANK4.4H.ragSurfers	ERX2092756
10317.BLANK4.12G.ragSurfers	ERX2092750
10317.BLANK4.11G.ragSurfers	ERX2092743
10317.BLANK4.4G.ragSurfers	ERX2092755
10317.BLANK4.12F.ragSurfers	ERX2092749
10317.BLANK4.11F.ragSurfers	ERX2092742
10317.BLANK4.4F.ragSurfers	ERX2092754
10317.BLANK4.12E.ragSurfers	ERX2092748
10317.BLANK4.11E.ragSurfers	ERX2092741
10317.BLANK4.4E.ragSurfers	ERX2092753
10317.BLANK4.12D.ragSurfers	ERX2092747
10317.BLANK4.11C.ragSurfers	ERX2092740
10317.BLANK4.12B.ragSurfers	ERX2092746
10317.BLANK4.12A.ragSurfers	ERX2092745
10317.BLANK4.4A.ragSurfers	ERX2092752
10317.BLANK3.3H.ragSurfers	ERX2092739
10317.BLANK3.3G.ragSurfers	ERX2092738
10317.BLANK3.3F.ragSurfers	ERX2092737
10317.BLANK3.3E.ragSurfers	ERX2092736
10317.BLANK3.3D.ragSurfers	ERX2092735
10317.BLANK3.3C.ragSurfers	ERX2092734
10317.BLANK3.3B.ragSurfers	ERX2092733
10317.BLANK3.3A.ragSurfers	ERX2092732
10317.BLANK2.2H.ragSurfers	ERX2092731
10317.BLANK2.2G.ragSurfers	ERX2092730
10317.BLANK2.2F.ragSurfers	ERX2092729
10317.BLANK2.2E.ragSurfers	ERX2092728
10317.BLANK2.2D.ragSurfers	ERX2092727
10317.BLANK2.2C.ragSurfers	ERX2092726
10317.BLANK2.2B.ragSurfers	ERX2092725
10317.BLANK2.2A.ragSurfers	ERX2092724
10317.BLANK1.1H.ragSurfers	ERX2092723
10317.BLANK1.1G.ragSurfers	ERX2092722
10317.BLANK1.1F.ragSurfers	ERX2092721
10317.BLANK1.1D.ragSurfers	ERX2092720
10317.BLANK1.1B.ragSurfers	ERX2092719
10317.BLANK1.1A.ragSurfers	ERX2092718
10317.000071442	ERX2092694
10317.000071438	ERX2092693
10317.000071418	ERX2092692
10317.000071397	ERX2092691
10317.000070624	ERX2092690
10317.000069828	ERX2092689
10317.000069825	ERX2092688
10317.000069734	ERX2092687
10317.000069657	ERX2092686
10317.000069627	ERX2092685
10317.000069418	ERX2092684
10317.000069417	ERX2092683
10317.000069392	ERX2092682
10317.000069384	ERX2092681
10317.000069274	ERX2092680
10317.000069211	ERX2092679
10317.000069143	ERX2092678
10317.000069121	ERX2092677
10317.000069119	ERX2092676
10317.000069118	ERX2092675
10317.000069117	ERX2092674
10317.000069116	ERX2092673
10317.000069115	ERX2092672
10317.000069114	ERX2092671
10317.000069113	ERX2092670
10317.000069112	ERX2092669
10317.000069111	ERX2092668
10317.000069109	ERX2092667
10317.000069107	ERX2092666
10317.000069106	ERX2092665
10317.000069105	ERX2092664
10317.000069104	ERX2092663
10317.000069103	ERX2092662
10317.000069102	ERX2092661
10317.000069101	ERX2092660
10317.000069100	ERX2092659
10317.000069099	ERX2092658
10317.000069097	ERX2092657
10317.000069095	ERX2092656
10317.000069094	ERX2092655
10317.000069093	ERX2092654
10317.000068980	ERX2092583
10317.000068979	ERX2092582
10317.000068945	ERX2092581
10317.000068855	ERX2092580
10317.000068854	ERX2092579
10317.000068853	ERX2092578
10317.000068851	ERX2092577
10317.000068849	ERX2092576
10317.000068848	ERX2092575
10317.000068843	ERX2092574
10317.000068842	ERX2092573
10317.000068841	ERX2092572
10317.000068840	ERX2092571
10317.000068839	ERX2092570
10317.000068838	ERX2092569
10317.000068837	ERX2092568
10317.000068836	ERX2092567
10317.000068835	ERX2092566
10317.000068831	ERX2092565
10317.000068830	ERX2092564
10317.000068829	ERX2092563
10317.000068828	ERX2092562
10317.000068827	ERX2092561
10317.000068826	ERX2092560
10317.000068825	ERX2092559
10317.000068824	ERX2092558
10317.000068823	ERX2092557
10317.000068819	ERX2092556
10317.000068818	ERX2092555
10317.000068817	ERX2092554
10317.000068816	ERX2092553
10317.000068815	ERX2092552
10317.000068814	ERX2092551
10317.000068813	ERX2092550
10317.000068812	ERX2092549
10317.000068811	ERX2092548
10317.000068806	ERX2092547
10317.000068804	ERX2092546
10317.000068800	ERX2092545
10317.000068799	ERX2092544
10317.000068797	ERX2092543
10317.000068796	ERX2092542
10317.000068795	ERX2092541
10317.000068788	ERX2092540
10317.000068783	ERX2092539
10317.000068777	ERX2092538
10317.000068776	ERX2092537
10317.000068771	ERX2092536
10317.000068770	ERX2092535
10317.000068769	ERX2092534
10317.000068767	ERX2092533
10317.000068257	ERX2092532
10317.000068199	ERX2092531
10317.000068186	ERX2092530
10317.000068179	ERX2092529
10317.000068177	ERX2092528
10317.000068175	ERX2092527
10317.000068174	ERX2092526
10317.000068168	ERX2092525
10317.000068167	ERX2092524
10317.000068106	ERX2092523
10317.000068083	ERX2092522
10317.000068072	ERX2092521
10317.000068068	ERX2092520
10317.000068034	ERX2092519
10317.000068028	ERX2092518
10317.000068027	ERX2092517
10317.000067903	ERX2092516
10317.000066920	ERX2092515
10317.000066870	ERX2092514
10317.000066868	ERX2092513
10317.000066867	ERX2092512
10317.000066866	ERX2092511
10317.000066865	ERX2092510
10317.000066864	ERX2092509
10317.000066863	ERX2092508
10317.000066862	ERX2092507
10317.000066861	ERX2092506
10317.000066860	ERX2092505
10317.000066859	ERX2092504
10317.000066856	ERX2092503
10317.000066855	ERX2092502
10317.000066854	ERX2092501
10317.000066853	ERX2092500
10317.000066852	ERX2092499
10317.000066851	ERX2092498
10317.000066850	ERX2092497
10317.000066849	ERX2092496
10317.000066848	ERX2092495
10317.000066847	ERX2092494
10317.000066844	ERX2092493
10317.000066843	ERX2092492
10317.000066842	ERX2092491
10317.000066841	ERX2092490
10317.000066840	ERX2092489
10317.000066839	ERX2092488
10317.000066838	ERX2092487
10317.000066837	ERX2092486
10317.000066836	ERX2092485
10317.000066835	ERX2092484
10317.000066832	ERX2092483
10317.000066831	ERX2092482
10317.000066830	ERX2092481
10317.000066829	ERX2092480
10317.000066828	ERX2092479
10317.000066827	ERX2092478
10317.000066826	ERX2092477
10317.000066825	ERX2092476
10317.000066824	ERX2092475
10317.000066765	ERX2092474
10317.000066739	ERX2092473
10317.000066722	ERX2092472
10317.000063487	ERX2092471
10317.000063484	ERX2092470
10317.000063483	ERX2092469
10317.000063482	ERX2092468
10317.000063481	ERX2092467
10317.000063480	ERX2092466
10317.000063479	ERX2092465
10317.000063478	ERX2092464
10317.000063477	ERX2092463
10317.000063476	ERX2092462
10317.000063448	ERX2092461
10317.000063447	ERX2092460
10317.000063446	ERX2092459
10317.000063445	ERX2092458
10317.000063444	ERX2092457
10317.000063443	ERX2092456
10317.000063442	ERX2092455
10317.000063441	ERX2092454
10317.000063440	ERX2092453
10317.000063427	ERX2092452
10317.000063425	ERX2092451
10317.000063423	ERX2092450
10317.000063422	ERX2092449
10317.000063421	ERX2092448
10317.000063420	ERX2092447
10317.000063419	ERX2092446
10317.000063418	ERX2092445
10317.000063417	ERX2092444
10317.000063416	ERX2092443
10317.000063391	ERX2092442
10317.000063388	ERX2092441
10317.000063387	ERX2092440
10317.000063386	ERX2092439
10317.000063385	ERX2092438
10317.000063384	ERX2092437
10317.000063383	ERX2092436
10317.000063382	ERX2092435
10317.000063381	ERX2092434
10317.000063380	ERX2092433
10317.000063355	ERX2092432
10317.000063352	ERX2092431
10317.000063351	ERX2092430
10317.000063350	ERX2092429
10317.000063349	ERX2092428
10317.000063348	ERX2092427
10317.000063347	ERX2092426
10317.000063346	ERX2092425
10317.000063345	ERX2092424
10317.000063344	ERX2092423
10317.000063340	ERX2092422
10317.000063339	ERX2092421
10317.000063338	ERX2092420
10317.000063337	ERX2092419
10317.000063336	ERX2092418
10317.000063335	ERX2092417
10317.000063333	ERX2092416
10317.000063332	ERX2092415
10317.000063331	ERX2092414
10317.000063328	ERX2092413
10317.000063327	ERX2092412
10317.000063326	ERX2092411
10317.000063325	ERX2092410
10317.000063324	ERX2092409
10317.000063323	ERX2092408
10317.000063322	ERX2092407
10317.000063321	ERX2092406
10317.000063320	ERX2092405
10317.000063319	ERX2092404
10317.000063316	ERX2092403
10317.000063315	ERX2092402
10317.000063314	ERX2092401
10317.000063313	ERX2092400
10317.000063312	ERX2092399
10317.000063311	ERX2092398
10317.000063310	ERX2092397
10317.000063309	ERX2092396
10317.000063308	ERX2092395
10317.000063304	ERX2092394
10317.000063303	ERX2092393
10317.000063302	ERX2092392
10317.000063301	ERX2092391
10317.000063300	ERX2092390
10317.000063299	ERX2092389
10317.000063298	ERX2092388
10317.000063297	ERX2092387
10317.000063296	ERX2092386
10317.000063292	ERX2092385
10317.000063291	ERX2092384
10317.000063290	ERX2092383
10317.000063289	ERX2092382
10317.000063288	ERX2092381
10317.000063287	ERX2092380
10317.000063286	ERX2092379
10317.000063285	ERX2092378
10317.000063284	ERX2092377
10317.000063283	ERX2092376
10317.000063280	ERX2092375
10317.000063279	ERX2092374
10317.000063278	ERX2092373
10317.000063277	ERX2092372
10317.000063276	ERX2092371
10317.000063275	ERX2092370
10317.000063274	ERX2092369
10317.000063273	ERX2092368
10317.000063272	ERX2092367
10317.000063268	ERX2092366
10317.000063267	ERX2092365
10317.000063266	ERX2092364
10317.000063265	ERX2092363
10317.000063264	ERX2092362
10317.000063263	ERX2092361
10317.000063262	ERX2092360
10317.000063261	ERX2092359
10317.000063260	ERX2092358
10317.000063247	ERX2092357
10317.000063244	ERX2092356
10317.000063243	ERX2092355
10317.000063242	ERX2092354
10317.000063241	ERX2092353
10317.000063240	ERX2092352
10317.000063239	ERX2092351
10317.000063238	ERX2092350
10317.000063237	ERX2092349
10317.000063236	ERX2092348
10317.000063235	ERX2092347
10317.000063232	ERX2092346
10317.000063231	ERX2092345
10317.000063230	ERX2092344
10317.000063229	ERX2092343
10317.000063228	ERX2092342
10317.000063227	ERX2092341
10317.000063226	ERX2092340
10317.000063225	ERX2092339
10317.000063224	ERX2092338
10317.000063220	ERX2092337
10317.000063219	ERX2092336
10317.000063218	ERX2092335
10317.000063217	ERX2092334
10317.000063216	ERX2092333
10317.000063215	ERX2092332
10317.000063214	ERX2092331
10317.000063213	ERX2092330
10317.000063212	ERX2092329
10317.000063196	ERX2092328
10317.000063195	ERX2092327
10317.000063194	ERX2092326
10317.000063193	ERX2092325
10317.000063192	ERX2092324
10317.000063191	ERX2092323
10317.000063190	ERX2092322
10317.000063189	ERX2092321
10317.000063188	ERX2092320
10317.000063172	ERX2092319
10317.000063171	ERX2092318
10317.000063170	ERX2092317
10317.000063169	ERX2092316
10317.000063168	ERX2092315
10317.000063167	ERX2092314
10317.000063166	ERX2092313
10317.000063165	ERX2092312
10317.000063164	ERX2092311
10317.000063163	ERX2092310
10317.000063160	ERX2092309
10317.000063159	ERX2092308
10317.000063158	ERX2092307
10317.000063157	ERX2092306
10317.000063156	ERX2092305
10317.000063155	ERX2092304
10317.000063154	ERX2092303
10317.000063153	ERX2092302
10317.000069092	ERX2092653
10317.000069091	ERX2092652
10317.000069090	ERX2092651
10317.000069089	ERX2092650
10317.000069088	ERX2092649
10317.000069087	ERX2092648
10317.000069085	ERX2092647
10317.000069083	ERX2092646
10317.000069082	ERX2092645
10317.000069081	ERX2092644
10317.000069080	ERX2092643
10317.000069079	ERX2092642
10317.000069078	ERX2092641
10317.000069077	ERX2092640
10317.000069076	ERX2092639
10317.000069075	ERX2092638
10317.000069071	ERX2092637
10317.000069069	ERX2092636
10317.000069066	ERX2092635
10317.000069065	ERX2092634
10317.000069064	ERX2092633
10317.000069061	ERX2092632
10317.000069059	ERX2092631
10317.000069058	ERX2092630
10317.000069057	ERX2092629
10317.000069056	ERX2092628
10317.000069055	ERX2092627
10317.000069054	ERX2092626
10317.000069053	ERX2092625
10317.000069052	ERX2092624
10317.000069051	ERX2092623
10317.000069049	ERX2092622
10317.000069047	ERX2092621
10317.000069046	ERX2092620
10317.000069045	ERX2092619
10317.000069044	ERX2092618
10317.000069043	ERX2092617
10317.000069042	ERX2092616
10317.000069041	ERX2092615
10317.000069040	ERX2092614
10317.000069039	ERX2092613
10317.000069035	ERX2092612
10317.000069034	ERX2092611
10317.000069033	ERX2092610
10317.000069031	ERX2092609
10317.000069029	ERX2092608
10317.000069025	ERX2092607
10317.000069020	ERX2092606
10317.000069016	ERX2092605
10317.000069015	ERX2092604
10317.000069013	ERX2092603
10317.000069010	ERX2092602
10317.000069001	ERX2092601
10317.000068999	ERX2092600
10317.000068998	ERX2092599
10317.000068997	ERX2092598
10317.000068996	ERX2092597
10317.000068995	ERX2092596
10317.000068994	ERX2092595
10317.000068993	ERX2092594
10317.000068992	ERX2092593
10317.000068991	ERX2092592
10317.000068989	ERX2092591
10317.000068987	ERX2092590
10317.000068986	ERX2092589
10317.000068985	ERX2092588
10317.000068984	ERX2092587
10317.000068983	ERX2092586
10317.000068982	ERX2092585
10317.000068981	ERX2092584
10317.000063152	ERX2092301
10317.000062970	ERX2092300
10317.000062200	ERX2092299
10317.000062198	ERX2092298
10317.000062197	ERX2092297
10317.000062196	ERX2092296
10317.000062195	ERX2092295
10317.000062194	ERX2092294
10317.000062193	ERX2092293
10317.000062192	ERX2092292
10317.000062191	ERX2092291
10317.000062190	ERX2092290
10317.000053445	ERX2092289
10317.000053438	ERX2092288
10317.000052447	ERX2092287
10317.000052371	ERX2092286
10317.000052290	ERX2092285
10317.000051182	ERX2092284
10317.000049969	ERX2092283
10317.000049825	ERX2092282
10317.000049133	ERX2092281
10317.000048361	ERX2092280
10317.000048269	ERX2092279
10317.000047501	ERX2092278
10317.000046381	ERX2092277
10317.000046268	ERX2092276
10317.000042771	ERX2092275
10317.000041155	ERX2092274
10317.000039931	ERX2092273
10317.000039728	ERX2092272
10317.000039726	ERX2092271
10317.000039724	ERX2092270
10317.000039677	ERX2092269
10317.000038444	ERX2092268
10317.000036462	ERX2092267
10317.000034640	ERX2092266
10317.000033106	ERX2092265
10317.000031935	ERX2092264
10317.000031489	ERX2092263
10317.000028937	ERX2092262
10317.000017775	ERX2092261
10317.000015506	ERX2092260
10317.000063334	None
10317.BLANK1.1C.ragSurfers	None
10317.BLANK1.1E.ragSurfers	None
10317.BLANK4.4B.ragSurfers	None
10317.BLANK4.11B.ragSurfers	None
10317.BLANK4.4C.ragSurfers	None
10317.BLANK4.12C.ragSurfers	None
10317.BLANK4.4D.ragSurfers	None
10317.BLANK4.11D.ragSurfers	None
10317.BLANK.A12.ragSurfers	None
10317.BLANK.F11.ragSurfers	None
10317.BLANK.G10.ragSurfers	None
10317.BLANK.H9.ragSurfers	None
10317.BLANK6.7A.ragSurfers	None
10317.BLANK6.8A.ragSurfers	None
10317.BLANK6.7B.ragSurfers	None
10317.BLANK6.8B.ragSurfers	None
10317.BLANK6.12B.ragSurfers	None
10317.BLANK6.7C.ragSurfers	None
10317.BLANK6.9C.ragSurfers	None
10317.BLANK6.11D.ragSurfers	None
10317.BLANK6.11G.ragSurfers	None
10317.BLANK6.12H.ragSurfers	None
10317.BLANK6.11H.ragSurfers	ERX2092770
10317.BLANK6.10H.ragSurfers	ERX2092764
10317.BLANK6.9H.ragSurfers	ERX2092803
10317.BLANK6.8H.ragSurfers	ERX2092796
10317.BLANK6.7H.ragSurfers	ERX2092790
10317.BLANK6.6H.ragSurfers	ERX2092785
10317.BLANK6.5H.ragSurfers	ERX2092777
10317.BLANK6.12G.ragSurfers	ERX2092776
10317.BLANK6.10G.ragSurfers	ERX2092763
10317.BLANK6.9G.ragSurfers	ERX2092802
10317.BLANK6.8G.ragSurfers	ERX2092795
10317.BLANK6.7G.ragSurfers	ERX2092789
10317.BLANK6.6G.ragSurfers	ERX2092784
10317.BLANK6.12F.ragSurfers	ERX2092775
10317.BLANK6.11F.ragSurfers	ERX2092769
10317.BLANK6.10F.ragSurfers	ERX2092762
10317.BLANK6.9F.ragSurfers	ERX2092801
10317.BLANK6.8F.ragSurfers	ERX2092794
10317.BLANK6.7F.ragSurfers	ERX2092788
10317.BLANK6.6F.ragSurfers	ERX2092783
10317.BLANK6.12E.ragSurfers	ERX2092774
10317.BLANK6.11E.ragSurfers	ERX2092768
10317.BLANK6.10E.ragSurfers	ERX2092761
10317.BLANK6.9E.ragSurfers	ERX2092800
10317.BLANK6.8E.ragSurfers	ERX2092793
10317.BLANK6.7E.ragSurfers	ERX2092787
10317.BLANK6.6E.ragSurfers	ERX2092782
10317.BLANK6.12D.ragSurfers	ERX2092773
10317.BLANK6.10D.ragSurfers	ERX2092760