sample_name	experiment_accession
10317.000041292	None
10317.BLANK.FF1.11A.rFermentation	None
10317.BLANK.FF1.10D.rFermentation	None
10317.BLANK.FF1.11D.rFermentation	None
10317.BLANK.FF1.12D.rFermentation	None
10317.BLANK.FF1.12E.rFermentation	ERX1305503
10317.BLANK.FF1.11E.rFermentation	ERX1305496
10317.BLANK.FF1.10E.rFermentation	ERX1305490
10317.BLANK.FF1.12C.rFermentation	ERX1305502
10317.BLANK.FF1.11C.rFermentation	ERX1305495
10317.BLANK.FF1.12B.rFermentation	ERX1305501
10317.BLANK.FF1.11B.rFermentation	ERX1305494
10317.BLANK.FF1.12A.rFermentation	ERX1305500
10317.000041370	ERX1305489
10317.000041369	ERX1305488
10317.000041368	ERX1305487
10317.000041367	ERX1305486
10317.000041366	ERX1305485
10317.000041365	ERX1305484
10317.000041364	ERX1305483
10317.000041363	ERX1305482
10317.000041360	ERX1305481
10317.000041358	ERX1305480
10317.000041346	ERX1305479
10317.000041345	ERX1305478
10317.000041344	ERX1305477
10317.000041343	ERX1305476
10317.000041289	ERX1305475
10317.000041275	ERX1305474
10317.000041071	ERX1305473
10317.000041070	ERX1305472
10317.000041069	ERX1305471
10317.000041063	ERX1305470
10317.000041062	ERX1305469
10317.000041060	ERX1305468
10317.000041057	ERX1305467
10317.000041055	ERX1305466
10317.000040546	ERX1305465
10317.000040545	ERX1305464
10317.000040544	ERX1305463
10317.000040543	ERX1305462
10317.000040493	ERX1305461
10317.000040358	ERX1305460
10317.000040357	ERX1305459
10317.000040352	ERX1305458
10317.000040351	ERX1305457
10317.000040350	ERX1305456
10317.000040348	ERX1305455
10317.000040325	ERX1305454
10317.000039958	ERX1305453
10317.000039942	ERX1305452
10317.BLANK.FF1.12H.rFermentation	ERX1305506
10317.BLANK.FF1.11H.rFermentation	ERX1305499
10317.BLANK.FF1.10H.rFermentation	ERX1305493
10317.BLANK.FF1.12G.rFermentation	ERX1305505
10317.BLANK.FF1.11G.rFermentation	ERX1305498
10317.BLANK.FF1.10G.rFermentation	ERX1305492
10317.BLANK.FF1.12F.rFermentation	ERX1305504
10317.BLANK.FF1.11F.rFermentation	ERX1305497
10317.BLANK.FF1.10F.rFermentation	ERX1305491